feeling,food
1,Pull My What BBQ Burger
1,Belgian Waggle
1,Southwest Chili Bowl
2,Bakun Egg and Cheese Biscuit
3,Sausage Egg and Cheese Biscuit
3,East Texas Bakun Burger
4,Harvest Bowl
4,The Triple D Burger
5,Vin Diezel Chili Hot Dog 
5,The Triple D Burger
6,Vin Diezel Chili Hot Dog 
6,The Triple D Burger
7,Vin Diezel Chili Hot Dog 
7,The Triple D Burger
8,Vin Diezel Chili Hot Dog 
8,The Triple D Burger
9,Vin Diezel Chili Hot Dog 
9,The Triple D Burger
10,Vin Diezel Chili Hot Dog 
10,The Triple D Burger
11,Vin Diezel Chili Hot Dog 
11,The Triple D Burger
12,Vin Diezel Chili Hot Dog 
12,The Triple D Burger